keyword,source
startups,gsuggest
y combinator,gsuggest
angel investors,gsuggest
fintech companies,gsuggest
the startup,gsuggest
startup company,gsuggest
startup ideas,gsuggest
stripe atlas,gsuggest
unicorn company,gsuggest
500 startups,gsuggest
unicorn startup,gsuggest
seed funding,gsuggest
eric ries,gsuggest
stealth startup,gsuggest
start up business,gsuggest
microacquire,gsuggest
the start up,gsuggest
captable,gsuggest
start up business ideas,gsuggest
startup funding,gsuggest
start up ideas,gsuggest
stealth mode startup,gsuggest
google for startups,gsuggest
business startup ideas,gsuggest
lean start up,gsuggest
invest in startups,gsuggest
tech startups,gsuggest
startup accelerator,gsuggest
streaming startup,gsuggest
start up company,gsuggest
startup weekend,gsuggest
startup incubator,gsuggest
venture builder,gsuggest
betalist,gsuggest
workinstartups,gsuggest
pre seed funding,gsuggest
venture studio,gsuggest
best startup ideas,gsuggest
microsoft for startups,gsuggest
fintech startup,gsuggest
startup studio,gsuggest
hub71,gsuggest
startup capital,gsuggest
seed investment,gsuggest
gorillas startup,gsuggest
simple agreement for future equity,gsuggest
startupbootcamp,gsuggest
startus,gsuggest
startup business plan,gsuggest
start up costs,gsuggest
sequoia surge,gsuggest
for startups,gsuggest
tech startup ideas,gsuggest
crowdfunding for startups,gsuggest
startup companies to invest in 2021,gsuggest
startup streaming,gsuggest
theranos board of directors,gsuggest
dave mcclure,gsuggest
tech entrepreneur,gsuggest
startup ideas 2021,gsuggest
top startups,gsuggest
start up 2021,gsuggest
angellist venture,gsuggest
y combinator safe,gsuggest
the 100 startup,gsuggest
antler vc,gsuggest
100 startup,gsuggest
pegasus tech ventures,gsuggest
this week in startups,gsuggest
startup costs,gsuggest
draper startup house,gsuggest
best startups 2020,gsuggest
innovative startup ideas,gsuggest
starting up a business,gsuggest
startup academy,gsuggest
startup 2021,gsuggest
best startups 2021,gsuggest
eric ries lean startup,gsuggest
best startups,gsuggest
startup stories,gsuggest
best fintech companies,gsuggest
seed funding for startups,gsuggest
best start up business ideas,gsuggest
start up nation 2020,gsuggest
biotech startups,gsuggest
start up funding,gsuggest
startup pitch,gsuggest
seed stage,gsuggest
saas startup,gsuggest
y combinator companies,gsuggest
top startups 2021,gsuggest
scalable startup entrepreneurship,gsuggest
tech unicorn,gsuggest
100 dollar startup,gsuggest
startup hub,gsuggest
startup companies to invest in,gsuggest
startup korea,gsuggest
small business start up,gsuggest
early stage startup,gsuggest
startup website,gsuggest
angel investors near me,gsuggest
start up business funding,gsuggest
easy start up business,gsuggest
startup equity calculator,gsuggest
startup lab,gsuggest
the lean start up,gsuggest
elizabeth holmes theranos board of directors,gsuggest
government funding for small business startup,gsuggest
nvidia inception,gsuggest
list of startup companies,gsuggest
home business ideas with low startup costs,gsuggest
startups 2020,gsuggest
atrium justin kan,gsuggest
angel investors list,gsuggest
stealth mode startup company,gsuggest
start up business plan,gsuggest
yc demo day,gsuggest
startup day,gsuggest
best startup business,gsuggest
seed investor,gsuggest
startup investors,gsuggest
startup funding organizations,gsuggest
angel investors website,gsuggest
linkedin top startups,gsuggest
startup companies to invest in 2020,gsuggest
swiggy funding,gsuggest
set up company,gsuggest
startup list,gsuggest
brex crunchbase,gsuggest
startup financing,gsuggest
databricks crunchbase,gsuggest
bootstrapped startup,gsuggest
agritech startups,gsuggest
work at a startup,gsuggest
startup nation finder,gsuggest
business funding for startups,gsuggest
y incubator,gsuggest
seed stage startup,gsuggest
new business start up,gsuggest
surge sequoia,gsuggest
it startup,gsuggest
top startups 2020,gsuggest
unicorn companies 2021,gsuggest
techstars accelerator,gsuggest
startup database,gsuggest
start hub,gsuggest
best startups to work for,gsuggest
startup reddit,gsuggest
startup equity,gsuggest
stripe startup,gsuggest
startup sandbox,gsuggest
startupblink,gsuggest
the 100 dollar startup,gsuggest
small startup ideas,gsuggest
tech start up,gsuggest
startup entrepreneur,gsuggest
health tech startups,gsuggest
pipe startup,gsuggest
proptech startups,gsuggest
angel financing,gsuggest
successful startups,gsuggest
startuper,gsuggest
business startup checklist,gsuggest
yc combinator,gsuggest
chick fil a start up cost,gsuggest
theranos investors,gsuggest
unicorn investment,gsuggest
imaguru,gsuggest
best startups in the world,gsuggest
startup investing platforms,gsuggest
google accelerator,gsuggest
unicorn companies 2020,gsuggest
yc startup,gsuggest
startup consultant,gsuggest
republic startup,gsuggest
funding for start up businesses,gsuggest
government funding for startups,gsuggest
national startup awards 2020,gsuggest
linkedin top startups 2021,gsuggest
startup ideas 2020,gsuggest
unsolved startup,gsuggest
unicorn start up,gsuggest
ycombinator companies,gsuggest
startup tech companies,gsuggest
angel capital,gsuggest
angel investor network,gsuggest
the startup of you,gsuggest
pre seed investment,gsuggest
pre seed startup,gsuggest
small business startup,gsuggest
startup fundraising,gsuggest
unsecured business line of credit for startup,gsuggest
unique startup ideas,gsuggest
google cloud for startups,gsuggest
startup awards,gsuggest
open startup,gsuggest
y combinator startups,gsuggest
social startups,gsuggest
startup engine,gsuggest
oracle for startups,gsuggest
iot startups,gsuggest
ramp startup,gsuggest
angel startup,gsuggest
online startup ideas,gsuggest
easy start up business ideas,gsuggest
fastest growing startups,gsuggest
noom crunchbase,gsuggest
betterup crunchbase,gsuggest
largest fintech companies,gsuggest
deep tech startups,gsuggest
angel investors for startups,gsuggest
most successful startups,gsuggest
startup mentor,gsuggest
flexport crunchbase,gsuggest
low cost start up businesses,gsuggest
startup growth,gsuggest
find a cofounder,gsuggest
bolt startup,gsuggest
innovative startups,gsuggest
find angel investors,gsuggest
startup ideas reddit,gsuggest
startup market,gsuggest
start up company ideas,gsuggest
google for startups accelerator,gsuggest
gorillas crunchbase,gsuggest
revolut crunchbase,gsuggest
startup network,gsuggest
klarna crunchbase,gsuggest
marketing strategies for startups,gsuggest
startup flow,gsuggest
startup house,gsuggest
startup team,gsuggest
startup checklist,gsuggest
dunzo funding,gsuggest
business idea for start up,gsuggest
nft startups,gsuggest
llc startup,gsuggest
technology startups,gsuggest
creatella,gsuggest
global startup awards,gsuggest
businesses with low startup costs,gsuggest
the founder's dilemma,gsuggest
starting capital,gsuggest
startup online,gsuggest
logistics startups,gsuggest
confluent crunchbase,gsuggest
digital startup,gsuggest
startup valley,gsuggest
startup space,gsuggest
good start up business ideas,gsuggest
startup daily,gsuggest
small start up business,gsuggest
start up studio,gsuggest
techstars startup weekend,gsuggest
israeli startups,gsuggest
new business startup ideas,gsuggest
fivetran crunchbase,gsuggest
start up reddit,gsuggest
y combinator demo day,gsuggest
low start up business ideas,gsuggest
top 100 startups,gsuggest
datarobot crunchbase,gsuggest
best startups to invest in,gsuggest
start up incubator,gsuggest
starting a startup,gsuggest
impact startup,gsuggest
pr for startups,gsuggest
startup world cup,gsuggest
seed startup,gsuggest
startup consulting firms,gsuggest
traction startup,gsuggest
khailee ng,gsuggest
founders dilemma,gsuggest
startup services,gsuggest
startup process,gsuggest
start up online,gsuggest
foodbytes,gsuggest
it startup ideas,gsuggest
startup world,gsuggest
cb insights unicorn,gsuggest
ecommerce startups,gsuggest
b2b startups,gsuggest
start up academy,gsuggest
technology business ideas startup,gsuggest
startup events,gsuggest
start up stage,gsuggest
funding for small business startup,gsuggest
startup management,gsuggest
startup plan,gsuggest
business start up costs,gsuggest
pacaso startup,gsuggest
corporate startup,gsuggest
fintech 250,gsuggest
startup success stories,gsuggest
cred startup,gsuggest
fund black founders,gsuggest
chargebee funding,gsuggest
airbnb startup cost,gsuggest
a startup,gsuggest
start up finance,gsuggest
500 durians,gsuggest
startup business plan example,gsuggest
best tech startups,gsuggest
notion startup,gsuggest
edtech funding,gsuggest
stealth start up,gsuggest
techstars connect,gsuggest
seed capital funding,gsuggest
atrium startup,gsuggest
small business startup ideas,gsuggest
unicorn tech companies,gsuggest
most valuable startups,gsuggest
best crowdfunding sites for startups,gsuggest
airbnb startup,gsuggest
rubrik crunchbase,gsuggest
startup mindset,gsuggest
startuploans,gsuggest
top fintech startups,gsuggest
startup win 10,gsuggest
black founders fund,gsuggest
startup stage,gsuggest
algolia crunchbase,gsuggest
fitness startups,gsuggest
fareye funding,gsuggest
future startup,gsuggest
kirsty nathoo,gsuggest
google startup accelerator,gsuggest
celonis crunchbase,gsuggest
on startup,gsuggest
startup resources,gsuggest
startup playbook,gsuggest
start up diaspora 2021,gsuggest
dynamic yield mcdonalds,gsuggest
reddit startup ideas,gsuggest
google black founders fund,gsuggest
byju's acquisition list,gsuggest
get funding for startup,gsuggest
famous startups,gsuggest
paul graham y combinator,gsuggest
start up plan,gsuggest
seed accelerator,gsuggest
start up unicorn,gsuggest
ycombinator startups,gsuggest
tech ventures,gsuggest
alice startup,gsuggest
startuptn,gsuggest
lularoe start up cost,gsuggest
startup club,gsuggest
karo startup,gsuggest
2021 startups,gsuggest
startups to invest in 2021,gsuggest
top tech startups,gsuggest
startup blink,gsuggest
startup investment opportunities,gsuggest
brex startup,gsuggest
startup cfo,gsuggest
best startup ideas 2021,gsuggest
swiggy investors,gsuggest
frontrow startup,gsuggest
livspace funding,gsuggest
vc startup,gsuggest
business line of credit for startup,gsuggest
startup platform,gsuggest
startup 101,gsuggest
startup founders,gsuggest
german startups,gsuggest
seed finance,gsuggest
gomechanic funding,gsuggest
best startup incubators,gsuggest
start up scale up,gsuggest
easy business to start up,gsuggest
startup finder,gsuggest
vertical startup,gsuggest
rocket startup,gsuggest
startup life,gsuggest
hottest startups 2021,gsuggest
startup venture,gsuggest
crowdfunding platforms for startups,gsuggest
modern health crunchbase,gsuggest
target accelerator,gsuggest
best startups to work for 2021,gsuggest
startup heroes,gsuggest
corporate accelerator,gsuggest
start up consulting,gsuggest
venture capitalists only invest in,gsuggest
top fintech,gsuggest
lisa startup,gsuggest
startup tree,gsuggest
startup industry,gsuggest
funding for agricultural startups,gsuggest
clubhouse startup,gsuggest
start up fund,gsuggest
start up pitch,gsuggest
entrepreneur events,gsuggest
climate tech startups,gsuggest
clearco funding,gsuggest
deel startup,gsuggest
social impact startups,gsuggest
falak startups,gsuggest
good startup ideas,gsuggest
whatfix funding,gsuggest
scalable startup,gsuggest
ev startup,gsuggest
y combinator summer 2021,gsuggest
chargebee unicorn,gsuggest
a start up,gsuggest
startup law,gsuggest
pigment startup,gsuggest
safe simple agreement for future equity,gsuggest
online business startup,gsuggest
amvesindo,gsuggest
list of unicorn companies,gsuggest
start up idee,gsuggest
start up stories,gsuggest
mural crunchbase,gsuggest
startup ideas for women,gsuggest
media startups,gsuggest
start up hub,gsuggest
pristyn care funding,gsuggest
melio crunchbase,gsuggest
best start ups,gsuggest
the startup playbook,gsuggest
startup builder,gsuggest
marqeta crunchbase,gsuggest
startup safari,gsuggest
startup slang,gsuggest
starting a tech company,gsuggest
best startup websites,gsuggest
food delivery startups,gsuggest
canva startup,gsuggest
creative startups,gsuggest
cap table startup,gsuggest
best startup companies to invest in,gsuggest
start up investment,gsuggest
best startup companies,gsuggest
invest in start ups,gsuggest
startup base,gsuggest
sandbox startups,gsuggest
morgan stanley multicultural innovation lab,gsuggest
chargebee crunchbase,gsuggest
startup for startup,gsuggest
social start up,gsuggest
notion for startups,gsuggest
start up money,gsuggest
ukrainian startup fund,gsuggest
pacaso crunchbase,gsuggest
dataiku crunchbase,gsuggest
top tech startups 2021,gsuggest
start up team,gsuggest
keeptruckin crunchbase,gsuggest
2021 startup ideas,gsuggest
start up phase,gsuggest
bimape funding,gsuggest
dremio crunchbase,gsuggest
good startup business ideas,gsuggest
mobility startups,gsuggest
startupstash,gsuggest
byju investors,gsuggest
katerra softbank,gsuggest
kustomer crunchbase,gsuggest
level startup,gsuggest
best startup investment sites,gsuggest
fashinza funding,gsuggest
checkr crunchbase,gsuggest
2020 startups,gsuggest
non technical entrepreneur,gsuggest
pre seed funding for startups,gsuggest
alation crunchbase,gsuggest
parallel18,gsuggest
startup marketing plan,gsuggest
startupflow,gsuggest
thoughtspot crunchbase,gsuggest
startup 3,gsuggest
mainstreet startup,gsuggest
seed funding for african startups 2021,gsuggest
start up capital for small business,gsuggest
new tech startups,gsuggest
list of fintech companies,gsuggest
cb insights fintech 250,gsuggest
marketplace startups,gsuggest
esop startup,gsuggest
minority business startup funding,gsuggest
iit startups,gsuggest
startup weekend 2021,gsuggest
small business startup checklist,gsuggest
hot startups,gsuggest
sports startups,gsuggest
1000 startup,gsuggest
start up tech,gsuggest
startup strategy,gsuggest
startup o,gsuggest
angellist startups,gsuggest
theranos board,gsuggest
fabric startup,gsuggest
antler startup,gsuggest
franchise startup costs,gsuggest
jito angel network,gsuggest
top 10 fintech companies,gsuggest
small startups,gsuggest
upcoming startups,gsuggest
health startup,gsuggest
my startup,gsuggest
list of unicorn startups,gsuggest
matterport crunchbase,gsuggest
bubble startup,gsuggest
la startup factory,gsuggest
startup funding website,gsuggest
startup nation 2020,gsuggest
house of startups,gsuggest
onfido crunchbase,gsuggest
to start up,gsuggest
hottest startups,gsuggest
startup company ideas,gsuggest
picnic startup,gsuggest
noom funding,gsuggest
best tech startups 2021,gsuggest
become an angel investor,gsuggest
innovaccer crunchbase,gsuggest
coda startup,gsuggest
airwallex crunchbase,gsuggest
rappi crunchbase,gsuggest
manufacturing startups,gsuggest
hopin startup,gsuggest
tech startup ideas 2021,gsuggest
startup search,gsuggest
start up food,gsuggest
yumist,gsuggest
venture capital startup,gsuggest
national startup awards,gsuggest
top 50 startups 2020,gsuggest
customer development steve blank,gsuggest
creator economy startups,gsuggest
high growth startups,gsuggest
chainalysis crunchbase,gsuggest
byju funding,gsuggest
nylas crunchbase,gsuggest
6sense crunchbase,gsuggest
startup development,gsuggest
the family startup,gsuggest
start up engine,gsuggest
top fintech companies in world,gsuggest
social media startups,gsuggest
llc startup cost,gsuggest
startup booster,gsuggest
startup day 2021,gsuggest
starting up your own business,gsuggest
startup coaching,gsuggest
cto startup,gsuggest
safe startup,gsuggest
attentive startup,gsuggest
lyra health crunchbase,gsuggest
top unicorn companies,gsuggest
star startups,gsuggest
start up website,gsuggest
addepar crunchbase,gsuggest
incubator accelerator,gsuggest
best business startup ideas,gsuggest
y combinator 2021,gsuggest
mainstreet crunchbase,gsuggest
business plan start up,gsuggest
start up accelerator,gsuggest
startup cash,gsuggest
100 steps to startup,gsuggest
blackbuck funding,gsuggest
top startup ideas,gsuggest
best startup ideas 2020,gsuggest
vc backed startups,gsuggest
12 startups in 12 months,gsuggest
joining a startup,gsuggest
pre seed stage,gsuggest
zocdoc crunchbase,gsuggest
top angel investors,gsuggest
glovo crunchbase,gsuggest
top 10 startups,gsuggest
startup bakery,gsuggest
startuppers,gsuggest
cohesity crunchbase,gsuggest
talkdesk crunchbase,gsuggest
tanium crunchbase,gsuggest
plum startup,gsuggest
wellness startups,gsuggest
startup events 2021,gsuggest
hippo crunchbase,gsuggest
invest in startups for equity,gsuggest
small business startups,gsuggest
start up costs amortization,gsuggest
start ups 2021,gsuggest
mindtickle funding,gsuggest
g4 startups,gsuggest
hyperscience crunchbase,gsuggest
stealth fintech,gsuggest
sentinelone crunchbase,gsuggest
docsend crunchbase,gsuggest
global startup,gsuggest
google for startup,gsuggest
startup chile 2021,gsuggest
internet startup,gsuggest
interesting startups,gsuggest
top startup companies,gsuggest
top startups in world,gsuggest
vesting startup,gsuggest
kong startup,gsuggest
property preservation startup cost,gsuggest
zolve funding,gsuggest
vise startup,gsuggest
cac startup,gsuggest
bukuwarung funding,gsuggest
incubator and accelerator,gsuggest
velocity startup,gsuggest
zebra startup,gsuggest
dataminr crunchbase,gsuggest
start up project,gsuggest
startup awards 2020,gsuggest
crowdfunding for business startup,gsuggest
degreed crunchbase,gsuggest
remitly crunchbase,gsuggest
best start up business ideas 2020,gsuggest
legal startup,gsuggest
nubank crunchbase,gsuggest
persona startup,gsuggest
michael marks katerra,gsuggest
startups for sale,gsuggest
startup opportunities,gsuggest
swiggy crunchbase,gsuggest
y accelerator,gsuggest
all in startup,gsuggest
homelane funding,gsuggest
n26 crunchbase,gsuggest
venture backed startup,gsuggest
successful tech startups,gsuggest
late stage startup,gsuggest
gorillas start up,gsuggest
fuel delivery startup,gsuggest
startup monk,gsuggest
oyo startup,gsuggest
decacorn startup,gsuggest
start up day,gsuggest
billion dollar startup,gsuggest
startup it companies,gsuggest
tech startups to invest in,gsuggest
family offices investing in startups,gsuggest
start up firma,gsuggest
scale startup,gsuggest
heroes startup,gsuggest
startup founder,muse
startup investing,muse
angel investors technology startups,muse
insurtech startups,muse
analytics startups,muse
kickstarter startups,muse
launchpad startups,muse
healthcare startups,muse
best crowdfunding for startups,muse
travel startups,muse
vegan startups,muse
insurance startups,muse
top insurance startups,muse
best crm for startups,muse
bra startups,muse
crowdfunding sites for startups,muse
startups looking for investors,muse
invest in startups online,muse
robo advisor startups,muse
real estate tech startups,muse
online funding for startups,muse
real estate startups,muse
internet of things startups,muse
funding sites for startups,muse
hr software for startups,muse
cyber security startups,muse
3d printing startups,muse
deep learning startups,muse
personal finance startups,muse
gene therapy startups,muse
augmented reality startups,muse
elderly care startups,muse
peloton startup,muse
startup benefits,muse
startup podcast,muse
startup institute,muse
startup collaboration tools,muse
compass startup,muse
startup business plan template,muse
new relic startup pricing,muse
startup landing page,muse
project management software startup,muse
startup insurance companies,muse
best startup credit cards,muse
startup credit card,muse
life insurance startup,muse
startup health insurance companies,muse
invest in israeli startups,additions
